date,covid_infection_rate
2020-01-03,0.0
2020-01-04,0.0
2020-01-05,0.0
2020-01-06,0.0
2020-01-07,0.0
2020-01-08,0.0
2020-01-09,0.0
2020-01-10,0.0
2020-01-11,0.0
2020-01-12,0.0
2020-01-13,0.0
2020-01-14,0.0
2020-01-15,0.0
2020-01-16,0.0
2020-01-17,0.0
2020-01-18,0.0
2020-01-19,0.0
2020-01-20,0.0
2020-01-21,0.0
2020-01-22,0.0
2020-01-23,0.0
2020-01-24,0.0
2020-01-25,0.0
2020-01-26,0.0
2020-01-27,0.0
2020-01-28,0.0
2020-01-29,0.0
2020-01-30,0.0
2020-01-31,0.0
2020-02-01,0.0
2020-02-02,0.0
2020-02-03,0.0
2020-02-04,0.0
2020-02-05,0.0
2020-02-06,0.0
2020-02-07,0.0
2020-02-08,0.0
2020-02-09,0.0
2020-02-10,0.0
2020-02-11,0.0
2020-02-12,0.0
2020-02-13,0.0
2020-02-14,0.0
2020-02-15,0.0
2020-02-16,0.0
2020-02-17,0.0
2020-02-18,0.0
2020-02-19,0.0
2020-02-20,0.0
2020-02-21,0.0
2020-02-22,0.0
2020-02-23,0.0
2020-02-24,0.0
2020-02-25,0.0
2020-02-26,0.0
2020-02-27,0.0
2020-02-28,0.0
2020-02-29,0.1
2020-03-01,0.1
2020-03-02,0.2
2020-03-03,0.2
2020-03-04,0.3
2020-03-05,0.5
2020-03-06,0.7
2020-03-07,0.8
2020-03-08,1.0
2020-03-09,1.1
2020-03-10,1.4
2020-03-11,2.0
2020-03-12,2.8
2020-03-13,3.7
2020-03-14,5.2
2020-03-15,6.6
2020-03-16,7.6
2020-03-17,9.6
2020-03-18,12.5
2020-03-19,15.9
2020-03-20,19.5
2020-03-21,22.6
2020-03-22,25.0
2020-03-23,26.5
2020-03-24,28.5
2020-03-25,30.7
2020-03-26,33.2
2020-03-27,35.4
2020-03-28,37.7
2020-03-29,39.3
2020-03-30,40.2
2020-03-31,40.7
2020-04-01,42.1
2020-04-02,42.8
2020-04-03,43.5
2020-04-04,43.8
2020-04-05,43.3
2020-04-06,42.7
2020-04-07,42.1
2020-04-08,41.1
2020-04-09,40.0
2020-04-10,38.0
2020-04-11,34.7
2020-04-12,32.9
2020-04-13,32.2
2020-04-14,29.7
2020-04-15,26.5
2020-04-16,24.2
2020-04-17,22.4
2020-04-18,22.0
2020-04-19,21.1
2020-04-20,20.5
2020-04-21,20.7
2020-04-22,20.3
2020-04-23,19.4
2020-04-24,17.8
2020-04-25,16.4
2020-04-26,15.4
2020-04-27,14.6
2020-04-28,13.9
2020-04-29,13.1
2020-04-30,11.8
2020-05-01,11.1
2020-05-02,9.9
2020-05-03,9.1
2020-05-04,8.8
2020-05-05,8.4
2020-05-06,7.9
2020-05-07,7.7
2020-05-08,7.4
2020-05-09,7.4
2020-05-10,7.5
2020-05-11,7.4
2020-05-12,7.4
2020-05-13,7.1
2020-05-14,6.7
2020-05-15,6.2
2020-05-16,6.0
2020-05-17,5.7
2020-05-18,5.7
2020-05-19,5.5
2020-05-20,5.3
2020-05-21,5.2
2020-05-22,4.8
2020-05-23,4.5
2020-05-24,4.4
2020-05-25,4.3
2020-05-26,4.1
2020-05-27,4.0
2020-05-28,3.8
2020-05-29,3.9
2020-05-30,3.8
2020-05-31,3.9
2020-06-01,3.8
2020-06-02,3.5
2020-06-03,3.1
2020-06-04,2.9
2020-06-05,2.9
2020-06-06,2.9
2020-06-07,2.8
2020-06-08,2.8
2020-06-09,3.0
2020-06-10,3.1
2020-06-11,3.1
2020-06-12,2.8
2020-06-13,2.8
2020-06-14,2.8
2020-06-15,2.8
2020-06-16,2.7
2020-06-17,2.8
2020-06-18,3.3
2020-06-19,3.8
2020-06-20,4.6
2020-06-21,4.9
2020-06-22,5.0
2020-06-23,5.2
2020-06-24,5.2
2020-06-25,4.8
2020-06-26,4.6
2020-06-27,4.1
2020-06-28,3.8
2020-06-29,3.8
2020-06-30,3.7
2020-07-01,3.6
2020-07-02,3.6
2020-07-03,3.5
2020-07-04,3.3
2020-07-05,3.3
2020-07-06,3.2
2020-07-07,3.1
2020-07-08,3.0
2020-07-09,3.0
2020-07-10,2.9
2020-07-11,2.9
2020-07-12,2.9
2020-07-13,2.9
2020-07-14,2.9
2020-07-15,3.0
2020-07-16,3.1
2020-07-17,3.2
2020-07-18,3.4
2020-07-19,3.5
2020-07-20,3.6
2020-07-21,3.7
2020-07-22,3.8
2020-07-23,4.0
2020-07-24,4.2
2020-07-25,4.5
2020-07-26,4.6
2020-07-27,4.7
2020-07-28,4.7
2020-07-29,5.0
2020-07-30,5.3
2020-07-31,5.5
2020-08-01,5.6
2020-08-02,5.6
2020-08-03,5.7
2020-08-04,6.1
2020-08-05,6.3
2020-08-06,6.5
2020-08-07,6.9
2020-08-08,7.0
2020-08-09,7.2
2020-08-10,7.2
2020-08-11,7.5
2020-08-12,7.8
2020-08-13,8.3
2020-08-14,8.7
2020-08-15,9.2
2020-08-16,9.2
2020-08-17,9.4
2020-08-18,10.0
2020-08-19,10.4
2020-08-20,10.6
2020-08-21,10.7
2020-08-22,11.1
2020-08-23,11.3
2020-08-24,11.4
2020-08-25,11.2
2020-08-26,11.2
2020-08-27,11.0
2020-08-28,10.9
2020-08-29,10.6
2020-08-30,10.5
2020-08-31,10.5
2020-09-01,10.2
2020-09-02,10.0
2020-09-03,9.7
2020-09-04,9.7
2020-09-05,9.8
2020-09-06,10.2
2020-09-07,10.2
2020-09-08,10.5
2020-09-09,10.6
2020-09-10,10.9
2020-09-11,11.0
2020-09-12,11.2
2020-09-13,11.4
2020-09-14,11.6
2020-09-15,11.7
2020-09-16,12.4
2020-09-17,12.9
2020-09-18,13.9
2020-09-19,14.4
2020-09-20,14.6
2020-09-21,14.6
2020-09-22,14.7
2020-09-23,14.5
2020-09-24,14.6
2020-09-25,14.6
2020-09-26,14.8
2020-09-27,15.3
2020-09-28,15.5
2020-09-29,15.7
2020-09-30,16.1
2020-10-01,16.7
2020-10-02,17.4
2020-10-03,18.1
2020-10-04,18.6
2020-10-05,18.9
2020-10-06,19.6
2020-10-07,21.3
2020-10-08,23.4
2020-10-09,25.4
2020-10-10,28.0
2020-10-11,29.7
2020-10-12,31.0
2020-10-13,33.1
2020-10-14,35.2
2020-10-15,38.5
2020-10-16,42.3
2020-10-17,45.7
2020-10-18,48.2
2020-10-19,49.8
2020-10-20,52.5
2020-10-21,57.3
2020-10-22,63.4
2020-10-23,70.6
2020-10-24,77.7
2020-10-25,84.2
2020-10-26,88.7
2020-10-27,95.3
2020-10-28,103.0
2020-10-29,111.1
2020-10-30,118.1
2020-10-31,124.5
2020-11-01,127.9
2020-11-02,131.6
2020-11-03,135.4
2020-11-04,139.4
2020-11-05,141.7
2020-11-06,144.6
2020-11-07,147.2
2020-11-08,149.5
2020-11-09,149.0
2020-11-10,149.9
2020-11-11,150.2
2020-11-12,152.0
2020-11-13,153.5
2020-11-14,153.2
2020-11-15,153.1
2020-11-16,151.6
2020-11-17,150.0
2020-11-18,150.9
2020-11-19,152.1
2020-11-20,152.3
2020-11-21,153.5
2020-11-22,152.3
2020-11-23,152.2
2020-11-24,152.6
2020-11-25,151.5
2020-11-26,149.5
2020-11-27,148.3
2020-11-28,145.8
2020-11-29,146.0
2020-11-30,146.0
2020-12-01,143.9
2020-12-02,143.7
2020-12-03,145.1
2020-12-04,147.1
2020-12-05,149.5
2020-12-06,150.4
2020-12-07,152.1
2020-12-08,155.8
2020-12-09,160.0
2020-12-10,165.2
2020-12-11,170.7
2020-12-12,176.7
2020-12-13,182.5
2020-12-14,185.2
2020-12-15,188.3
2020-12-16,193.1
2020-12-17,197.6
2020-12-18,201.1
2020-12-19,203.9
2020-12-20,205.3
2020-12-21,206.9
2020-12-22,208.4
2020-12-23,210.8
2020-12-24,213.9
2020-12-25,201.0
2020-12-26,181.4
2020-12-27,169.4
2020-12-28,164.5
2020-12-29,159.1
2020-12-30,157.4
2020-12-31,154.0
2021-01-01,152.2
2021-01-02,148.7
2021-01-03,146.9
2021-01-04,145.7
2021-01-05,144.1
2021-01-06,144.0
2021-01-07,140.3
2021-01-08,148.0
2021-01-09,165.0
2021-01-10,172.9
2021-01-11,172.4
2021-01-12,171.4
2021-01-13,165.7
2021-01-14,161.2
2021-01-15,154.4
2021-01-16,147.0
2021-01-17,143.2
2021-01-18,141.0
2021-01-19,135.9
2021-01-20,131.0
2021-01-21,125.5
2021-01-22,121.2
2021-01-23,117.3
2021-01-24,115.1
2021-01-25,113.3
2021-01-26,110.4
2021-01-27,106.9
2021-01-28,102.6
2021-01-29,98.5
2021-01-30,95.5
2021-01-31,93.6
2021-02-01,92.7
2021-02-02,91.6
2021-02-03,87.8
2021-02-04,85.0
2021-02-05,82.8
2021-02-06,79.8
2021-02-07,77.9
2021-02-08,76.6
2021-02-09,74.6
2021-02-10,70.8
2021-02-11,67.1
2021-02-12,64.5
2021-02-13,62.8
2021-02-14,59.5
2021-02-15,60.2
2021-02-16,60.5
2021-02-17,60.6
2021-02-18,60.3
2021-02-19,60.1
2021-02-20,60.3
2021-02-21,62.9
2021-02-22,62.0
2021-02-23,62.1
2021-02-24,63.2
2021-02-25,64.7
2021-02-26,65.5
2021-02-27,66.4
2021-02-28,66.3
2021-03-01,66.8
2021-03-02,67.1
2021-03-03,68.1
2021-03-04,68.1
2021-03-05,68.4
2021-03-06,68.6
2021-03-07,69.4
2021-03-08,69.3
2021-03-09,69.4
2021-03-10,70.1
2021-03-11,73.3
2021-03-12,76.9
2021-03-13,80.3
2021-03-14,82.9
2021-03-15,84.6
2021-03-16,87.0
2021-03-17,92.1
2021-03-18,97.2
2021-03-19,101.5
2021-03-20,105.2
2021-03-21,108.5
2021-03-22,109.8
2021-03-23,112.2
2021-03-24,116.5
2021-03-25,121.6
2021-03-26,127.8
2021-03-27,132.9
2021-03-28,135.9
2021-03-29,137.9
2021-03-30,140.4
2021-03-31,141.5
2021-04-01,143.1
2021-04-02,142.5
2021-04-03,137.1
2021-04-04,130.9
2021-04-05,130.4
2021-04-06,125.7
2021-04-07,115.1
2021-04-08,114.8
2021-04-09,120.0
2021-04-10,129.2
2021-04-11,138.1
2021-04-12,140.1
2021-04-13,146.1
2021-04-14,164.2
2021-04-15,169.9
2021-04-16,169.1
2021-04-17,168.8
2021-04-18,168.4
2021-04-19,168.3
2021-04-20,168.6
2021-04-21,170.0
2021-04-22,171.0
2021-04-23,171.4
2021-04-24,171.3
2021-04-25,171.7
2021-04-26,171.5
2021-04-27,171.4
2021-04-28,168.2
2021-04-29,163.0
2021-04-30,158.2
2021-05-01,153.7
2021-05-02,150.2
2021-05-03,147.8
2021-05-04,144.2
2021-05-05,139.1
2021-05-06,134.1
2021-05-07,129.1
2021-05-08,124.7
2021-05-09,121.1
2021-05-10,119.6
2021-05-11,117.5
2021-05-12,112.5
2021-05-13,107.3
2021-05-14,98.4
2021-05-15,89.2
2021-05-16,85.1
2021-05-17,83.9
2021-05-18,81.3
2021-05-19,76.1
2021-05-20,70.0
2021-05-21,68.5
2021-05-22,68.4
2021-05-23,65.1
2021-05-24,62.4
2021-05-25,58.4
2021-05-26,48.1
2021-05-27,43.2
2021-05-28,41.2
2021-05-29,38.4
2021-05-30,35.9
2021-05-31,35.4
2021-06-01,36.2
2021-06-02,37.9
2021-06-03,34.7
2021-06-04,30.1
2021-06-05,26.7
2021-06-06,25.1
2021-06-07,24.5
2021-06-08,23.7
2021-06-09,21.8
2021-06-10,19.9
2021-06-11,19.1
2021-06-12,18.6
2021-06-13,17.4
2021-06-14,16.7
2021-06-15,15.7
2021-06-16,13.6
2021-06-17,11.9
2021-06-18,10.6
2021-06-19,9.6
2021-06-20,8.9
2021-06-21,8.6
2021-06-22,8.3
2021-06-23,7.5
2021-06-24,6.9
2021-06-25,6.5
2021-06-26,6.1
2021-06-27,5.8
2021-06-28,5.8
2021-06-29,5.7
2021-06-30,5.5
2021-07-01,5.4
2021-07-02,5.3
2021-07-03,5.2
2021-07-04,5.2
2021-07-05,5.2
2021-07-06,5.2
2021-07-07,5.4
2021-07-08,5.5
2021-07-09,5.8
2021-07-10,6.2
2021-07-11,6.5
2021-07-12,6.6
2021-07-13,6.9
2021-07-14,7.8
2021-07-15,8.5
2021-07-16,9.2
2021-07-17,10.0
2021-07-18,10.6
2021-07-19,10.8
2021-07-20,11.6
2021-07-21,12.2
2021-07-22,13.0
2021-07-23,13.9
2021-07-24,14.5
2021-07-25,14.8
2021-07-26,15.0
2021-07-27,15.3
2021-07-28,16.2
2021-07-29,16.8
2021-07-30,17.3
2021-07-31,17.8
2021-08-01,18.2
2021-08-02,18.4
2021-08-03,18.9
2021-08-04,19.7
2021-08-05,20.5
2021-08-06,21.6
2021-08-07,22.8
2021-08-08,23.8
2021-08-09,24.2
2021-08-10,25.2
2021-08-11,27.3
2021-08-12,29.8
2021-08-13,32.1
2021-08-14,34.7
2021-08-15,36.9
2021-08-16,38.0
2021-08-17,39.9
2021-08-18,43.9
2021-08-19,47.6
2021-08-20,51.4
2021-08-21,55.0
2021-08-22,57.6
2021-08-23,58.9
2021-08-24,61.3
2021-08-25,66.0
2021-08-26,70.7
2021-08-27,74.2
2021-08-28,76.0
2021-08-29,77.9
2021-08-30,78.7
2021-08-31,79.3
2021-09-01,81.3
2021-09-02,83.7
2021-09-03,85.0
2021-09-04,87.0
2021-09-05,88.2
2021-09-06,88.6
2021-09-07,88.5
2021-09-08,89.1
2021-09-09,88.4
2021-09-10,88.1
2021-09-11,86.9
2021-09-12,85.9
2021-09-13,84.9
2021-09-14,84.8
2021-09-15,82.7
2021-09-16,80.4
2021-09-17,77.9
2021-09-18,75.3
2021-09-19,73.5
2021-09-20,72.9
2021-09-21,71.1
2021-09-22,68.6
2021-09-23,66.5
2021-09-24,65.1
2021-09-25,64.5
2021-09-26,63.7
2021-09-27,63.6
2021-09-28,64.0
2021-09-29,65.6
2021-09-30,66.7
2021-10-01,67.2
2021-10-02,67.2
2021-10-03,67.0
2021-10-04,67.0
2021-10-05,66.8
2021-10-06,66.3
2021-10-07,66.0
2021-10-08,66.8
2021-10-09,67.8
2021-10-10,68.8
2021-10-11,68.8
2021-10-12,69.5
2021-10-13,70.0
2021-10-14,71.1
2021-10-15,72.5
2021-10-16,74.8
2021-10-17,76.6
2021-10-18,77.5
2021-10-19,79.7
2021-10-20,87.4
2021-10-21,94.5
2021-10-22,101.5
2021-10-23,108.1
2021-10-24,113.8
2021-10-25,115.9
2021-10-26,120.3
2021-10-27,128.8
2021-10-28,139.9
2021-10-29,148.2
2021-10-30,155.2
2021-10-31,159.7
2021-11-01,162.4
2021-11-02,162.0
2021-11-03,159.6
2021-11-04,170.1
2021-11-05,184.5
2021-11-06,197.7
2021-11-07,205.6
2021-11-08,210.9
2021-11-09,226.0
2021-11-10,253.1
2021-11-11,270.5
2021-11-12,286.2
2021-11-13,300.9
2021-11-14,312.9
2021-11-15,321.5
2021-11-16,333.7
2021-11-17,352.4
2021-11-18,367.0
2021-11-19,380.6
2021-11-20,400.2
2021-11-21,410.1
2021-11-22,416.9
2021-11-23,431.2
2021-11-24,444.9
2021-11-25,459.7
2021-11-26,472.3
2021-11-27,474.1
2021-11-28,477.2
2021-11-29,478.1
2021-11-30,475.4
2021-12-01,474.3
2021-12-02,472.2
2021-12-03,467.7
2021-12-04,465.8
2021-12-05,462.9
2021-12-06,460.0
2021-12-07,457.8
2021-12-08,452.8
2021-12-09,444.7
2021-12-10,432.4
2021-12-11,418.9
2021-12-12,409.6
2021-12-13,400.7
2021-12-14,387.7
2021-12-15,376.9
2021-12-16,359.4
2021-12-17,347.0
2021-12-18,335.3
2021-12-19,328.1
2021-12-20,324.2
2021-12-21,318.7
2021-12-22,304.5
2021-12-23,290.9
2021-12-24,276.3
2021-12-25,253.4
2021-12-26,231.9
2021-12-27,229.8
2021-12-28,226.8
2021-12-29,221.0
2021-12-30,221.9
2021-12-31,229.6
2022-01-01,237.9
2022-01-02,242.5
2022-01-03,247.4
2022-01-04,261.0
2022-01-05,286.1
2022-01-06,313.2
2022-01-07,330.7
2022-01-08,362.7
2022-01-09,389.7
2022-01-10,400.6
2022-01-11,421.6
2022-01-12,447.2
2022-01-13,475.6
2022-01-14,508.5
2022-01-15,538.0
2022-01-16,562.1
2022-01-17,576.1
2022-01-18,610.5
2022-01-19,658.7
2022-01-20,720.0
2022-01-21,791.8
2022-01-22,867.0
2022-01-23,913.2
2022-01-24,944.5
2022-01-25,1011.6
2022-01-26,1090.8
2022-01-27,1155.7
2022-01-28,1220.5
2022-01-29,1272.6
2022-01-30,1306.5
2022-01-31,1321.8
2022-02-01,1345.5
2022-02-02,1389.9
2022-02-03,1442.8
2022-02-04,1487.6
2022-02-05,1513.4
2022-02-06,1523.3
2022-02-07,1532.8
2022-02-08,1555.3
2022-02-09,1579.1
2022-02-10,1588.5
2022-02-11,1580.2
2022-02-12,1576.5
2022-02-13,1563.7
2022-02-14,1553.4
2022-02-15,1530.3
2022-02-16,1504.2
2022-02-17,1483.7
2022-02-18,1463.7
2022-02-19,1431.0
2022-02-20,1427.9
2022-02-21,1416.0
2022-02-22,1393.3
2022-02-23,1381.2
2022-02-24,1355.3
2022-02-25,1327.7
2022-02-26,1319.2
2022-02-27,1306.1
2022-02-28,1295.8
2022-03-01,1282.7
2022-03-02,1253.2
2022-03-03,1249.9
2022-03-04,1276.9
2022-03-05,1298.6
2022-03-06,1314.8
2022-03-07,1343.7
2022-03-08,1387.9
2022-03-09,1451.9
2022-03-10,1518.4
2022-03-11,1567.8
2022-03-12,1625.5
2022-03-13,1665.2
2022-03-14,1676.1
2022-03-15,1725.9
2022-03-16,1770.1
2022-03-17,1824.3
2022-03-18,1872.1
2022-03-19,1891.2
2022-03-20,1876.1
2022-03-21,1876.4
2022-03-22,1911.6
2022-03-23,1935.0
2022-03-24,1935.6
2022-03-25,1925.2
2022-03-26,1912.6
2022-03-27,1906.7
2022-03-28,1883.5
2022-03-29,1847.0
2022-03-30,1810.8
2022-03-31,1754.0
2022-04-01,1689.8
2022-04-02,1616.1
2022-04-03,1562.5
2022-04-04,1535.1
2022-04-05,1474.0
2022-04-06,1398.6
2022-04-07,1314.5
2022-04-08,1238.2
2022-04-09,1191.7
2022-04-10,1171.6
2022-04-11,1167.0
2022-04-12,1149.3
2022-04-13,1115.3
2022-04-14,1079.7
2022-04-15,1059.4
2022-04-16,962.3
2022-04-17,933.7
2022-04-18,923.7
2022-04-19,801.1
2022-04-20,773.3
2022-04-21,797.6
2022-04-22,803.7
2022-04-23,873.1
2022-04-24,876.0
2022-04-25,867.4
2022-04-26,964.5
2022-04-27,941.5
2022-04-28,865.7
2022-04-29,793.3
2022-04-30,744.5
2022-05-01,720.3
2022-05-02,707.1
2022-05-03,668.8
2022-05-04,629.8
2022-05-05,599.6
2022-05-06,582.6
2022-05-07,569.4
2022-05-08,561.1
2022-05-09,558.1
2022-05-10,556.0
2022-05-11,542.1
2022-05-12,527.0
2022-05-13,508.7
2022-05-14,496.5
2022-05-15,488.4
2022-05-16,484.0
2022-05-17,461.3
2022-05-18,429.6
2022-05-19,402.0
2022-05-20,377.4
2022-05-21,357.3
2022-05-22,349.9
2022-05-23,346.7
2022-05-24,324.6
2022-05-25,299.3
2022-05-26,277.5
2022-05-27,234.9
2022-05-28,226.2
2022-05-29,222.4
2022-05-30,221.8
2022-05-31,221.6
2022-06-01,227.4
2022-06-02,238.7
2022-06-03,279.1
2022-06-04,287.2
2022-06-05,289.8
2022-06-06,290.5
2022-06-07,246.1
2022-06-08,269.5
2022-06-09,313.6
2022-06-10,347.8
2022-06-11,378.4
2022-06-12,386.7
2022-06-13,392.9
2022-06-14,484.9
2022-06-15,511.3
2022-06-16,511.0
2022-06-17,470.7
2022-06-18,485.3
2022-06-19,489.3
2022-06-20,490.5
2022-06-21,512.4
2022-06-22,549.1
2022-06-23,586.6
2022-06-24,662.6
2022-06-25,674.0
2022-06-26,678.8
2022-06-27,680.6
2022-06-28,694.1
2022-06-29,710.1
2022-06-30,723.8
2022-07-01,734.4
2022-07-02,743.5
2022-07-03,739.6
2022-07-04,738.1
2022-07-05,742.7
2022-07-06,741.0
2022-07-07,743.7
2022-07-08,744.4
2022-07-09,745.3
2022-07-10,745.0
2022-07-11,745.9
2022-07-12,758.0
2022-07-13,767.5
2022-07-14,777.1
2022-07-15,784.3
2022-07-16,799.7
2022-07-17,801.7
2022-07-18,800.3
2022-07-19,804.3
2022-07-20,802.8
2022-07-21,786.8
2022-07-22,771.1
2022-07-23,748.4
2022-07-24,744.8
2022-07-25,743.4
2022-07-26,726.7
2022-07-27,696.7
2022-07-28,666.0
2022-07-29,632.5
2022-07-30,600.1
2022-07-31,592.3
2022-08-01,587.7
2022-08-02,544.8
2022-08-03,504.9
2022-08-04,472.6
2022-08-05,449.8
2022-08-06,433.9
2022-08-07,431.2
2022-08-08,430.2
2022-08-09,409.0
2022-08-10,389.0
2022-08-11,373.7
2022-08-12,363.2
2022-08-13,357.1
2022-08-14,354.4
2022-08-15,353.6
2022-08-16,339.7
2022-08-17,334.5
2022-08-18,330.3
2022-08-19,324.9
2022-08-20,315.6
2022-08-21,313.9
2022-08-22,312.2
2022-08-23,307.4
2022-08-24,294.4
2022-08-25,284.6
2022-08-26,276.3
2022-08-27,272.4
2022-08-28,270.5
2022-08-29,270.2
2022-08-30,265.2
2022-08-31,259.7
2022-09-01,251.1
2022-09-02,244.6
2022-09-03,240.3
2022-09-04,240.1
2022-09-05,239.2
2022-09-06,235.3
2022-09-07,233.4
2022-09-08,236.4
2022-09-09,240.3
2022-09-10,242.1
2022-09-11,241.7
2022-09-12,241.9
2022-09-13,247.0
2022-09-14,253.7
2022-09-15,257.8
2022-09-16,264.5
2022-09-17,270.0
2022-09-18,270.7
2022-09-19,271.4
2022-09-20,280.5
2022-09-21,288.5
2022-09-22,301.5
2022-09-23,313.5
2022-09-24,329.1
2022-09-25,335.7
2022-09-26,339.7
2022-09-27,371.0
2022-09-28,420.6
2022-09-29,466.4
2022-09-30,500.8
2022-10-01,531.7
2022-10-02,540.4
2022-10-03,544.2
2022-10-04,465.1
2022-10-05,497.2
2022-10-06,565.8
2022-10-07,642.0
2022-10-08,691.0
2022-10-09,697.8
2022-10-10,704.3
2022-10-11,858.5
2022-10-12,877.8
2022-10-13,847.1
2022-10-14,803.8
2022-10-15,774.9
2022-10-16,769.7
2022-10-17,765.3
2022-10-18,744.5
2022-10-19,727.0
2022-10-20,706.1
2022-10-21,680.7
2022-10-22,655.9
2022-10-23,649.7
2022-10-24,646.5
2022-10-25,605.4
2022-10-26,561.0
2022-10-27,517.2
2022-10-28,483.3
2022-10-29,454.2
2022-10-30,446.7
2022-10-31,443.3
2022-11-01,383.1
2022-11-02,319.9
2022-11-03,313.3
2022-11-04,304.6
2022-11-05,294.9
2022-11-06,292.3
2022-11-07,288.8
2022-11-08,299.3
2022-11-09,308.4
2022-11-10,275.9
2022-11-11,254.8
2022-11-12,242.5
2022-11-13,239.8
2022-11-14,239.5
2022-11-15,225.8
2022-11-16,216.6
2022-11-17,208.9
2022-11-18,204.0
2022-11-19,202.2
2022-11-20,202.2
2022-11-21,201.1
2022-11-22,198.2
2022-11-23,198.2
2022-11-24,199.9
2022-11-25,201.1
2022-11-26,201.6
2022-11-27,202.0
2022-11-28,202.2
2022-11-29,205.7
2022-11-30,211.1
2022-12-01,214.7
2022-12-02,216.8
2022-12-03,218.6
2022-12-04,218.8
2022-12-05,219.1
2022-12-06,219.3
2022-12-07,223.2
2022-12-08,226.7
2022-12-09,230.9
2022-12-10,234.0
2022-12-11,236.2
2022-12-12,236.5
2022-12-13,244.2
2022-12-14,247.7
2022-12-15,256.2
2022-12-16,261.7
2022-12-17,264.0
2022-12-18,263.7
2022-12-19,264.3
2022-12-20,267.9
2022-12-21,269.9
2022-12-22,270.0
2022-12-23,272.7
2022-12-24,275.5
2022-12-25,275.1
2022-12-26,274.6
2022-12-27,221.9
2022-12-28,217.5
2022-12-29,211.2
2022-12-30,199.2
2022-12-31,185.4
2023-01-01,181.8
2023-01-02,179.7
2023-01-03,215.6
2023-01-04,199.6
2023-01-05,181.7
2023-01-06,170.0
2023-01-07,157.6
2023-01-08,155.4
2023-01-09,154.5
2023-01-10,143.5
2023-01-11,129.9
2023-01-12,120.0
2023-01-13,110.3
2023-01-14,107.0
2023-01-15,106.1
2023-01-16,105.6
2023-01-17,93.4
2023-01-18,84.5
2023-01-19,78.5
2023-01-20,76.0
2023-01-21,74.8
2023-01-22,74.6
2023-01-23,74.5
2023-01-24,74.1
2023-01-25,76.7
2023-01-26,79.8
2023-01-27,83.4
2023-01-28,86.2
2023-01-29,86.5
2023-01-30,86.9
2023-01-31,90.7
2023-02-01,95.2
2023-02-02,97.7
2023-02-03,98.4
2023-02-04,99.9
2023-02-05,100.0
2023-02-06,99.9
2023-02-07,100.6
2023-02-08,99.8
2023-02-09,100.1
2023-02-10,100.8
2023-02-11,102.1
2023-02-12,102.4
2023-02-13,102.7
2023-02-14,105.5
2023-02-15,107.7
2023-02-16,110.8
2023-02-17,114.2
2023-02-18,115.3
2023-02-19,115.7
2023-02-20,116.0
2023-02-21,113.2
2023-02-22,115.1
2023-02-23,120.2
2023-02-24,126.7
2023-02-25,132.7
2023-02-26,134.3
2023-02-27,134.5
2023-02-28,143.7
2023-03-01,144.9
2023-03-02,137.7
2023-03-03,122.1
2023-03-04,107.8
2023-03-05,104.0
2023-03-06,102.3
2023-03-07,82.4
2023-03-08,65.4
2023-03-09,55.0
2023-03-10,52.9
2023-03-11,51.9
2023-03-12,51.9
2023-03-13,51.9
2023-03-14,51.9
2023-03-15,50.9
2023-03-16,50.2
2023-03-17,49.1
2023-03-18,47.8
2023-03-19,47.8
2023-03-20,47.8
2023-03-21,46.4
2023-03-22,44.1
2023-03-23,42.4
2023-03-24,40.8
2023-03-25,39.4
2023-03-26,38.8
2023-03-27,38.7
2023-03-28,36.0
2023-03-29,33.2
2023-03-30,30.7
2023-03-31,28.8
2023-04-01,27.2
2023-04-02,27.1
2023-04-03,26.9
2023-04-04,24.7
2023-04-05,23.4
2023-04-06,22.1
2023-04-07,20.8
2023-04-08,17.7
2023-04-09,17.5
2023-04-10,17.4
2023-04-11,12.3
2023-04-12,13.4
2023-04-13,13.3
2023-04-14,13.5
2023-04-15,15.5
2023-04-16,15.5
2023-04-17,15.5
2023-04-18,18.8
2023-04-19,16.3
2023-04-20,15.4
2023-04-21,14.4
2023-04-22,13.7
2023-04-23,13.6
2023-04-24,13.6
2023-04-25,12.9
2023-04-26,12.3
2023-04-27,11.8
2023-04-28,11.3
2023-04-29,11.0
2023-04-30,10.9
2023-05-01,10.9
2023-05-02,8.1
2023-05-03,8.7
2023-05-04,8.7
2023-05-05,8.8
2023-05-06,8.8
2023-05-07,8.8
2023-05-08,8.7
2023-05-09,10.7
2023-05-10,9.6
2023-05-11,8.9
2023-05-12,8.4
2023-05-13,8.0
2023-05-14,8.0
2023-05-15,8.0
2023-05-16,7.4
2023-05-17,6.9
2023-05-18,6.6
2023-05-19,5.4
2023-05-20,5.2
2023-05-21,5.2
2023-05-22,5.2
2023-05-23,5.1
2023-05-24,4.9
2023-05-25,4.7
2023-05-26,5.4
2023-05-27,5.2
2023-05-28,5.1
2023-05-29,5.1
2023-05-30,3.6
2023-05-31,3.6
2023-06-01,3.5
2023-06-02,3.4
2023-06-03,3.3
2023-06-04,3.3
2023-06-05,3.3
2023-06-06,4.1
2023-06-07,3.5
2023-06-08,3.3
2023-06-09,2.8
2023-06-10,2.8
2023-06-11,2.8
2023-06-12,2.8
2023-06-13,2.7
2023-06-14,2.6
2023-06-15,2.5
2023-06-16,2.7
2023-06-17,2.5
2023-06-18,2.4
2023-06-19,2.4
2023-06-20,2.2
2023-06-21,2.1
2023-06-22,2.0
2023-06-23,1.9
2023-06-24,1.8
2023-06-25,1.8
2023-06-26,1.8
2023-06-27,1.6
2023-06-28,1.5
2023-06-29,1.4
2023-06-30,1.3
2023-07-01,1.3
2023-07-02,1.3
2023-07-03,1.3
2023-07-04,1.3
2023-07-05,1.3
2023-07-06,1.3
2023-07-07,1.3
2023-07-08,1.2
2023-07-09,1.2
2023-07-10,1.2
2023-07-11,1.2
2023-07-12,1.3
2023-07-13,1.3
2023-07-14,1.4
2023-07-15,1.5
2023-07-16,1.5
2023-07-17,1.5
2023-07-18,1.5
2023-07-19,1.5
2023-07-20,1.5
2023-07-21,1.5
2023-07-22,1.5
2023-07-23,1.5
2023-07-24,1.5
2023-07-25,1.6
2023-07-26,1.7
2023-07-27,1.9
2023-07-28,2.1
2023-07-29,2.2
2023-07-30,2.2
2023-07-31,2.2
2023-08-01,2.3
2023-08-02,2.5
2023-08-03,2.5
2023-08-04,2.4
2023-08-05,2.4
2023-08-06,2.4
2023-08-07,2.5
2023-08-08,2.5
2023-08-09,2.6
2023-08-10,2.7
2023-08-11,2.9
2023-08-12,3.0
2023-08-13,3.1
2023-08-14,3.1
2023-08-15,3.5
2023-08-16,3.8
2023-08-17,4.3
2023-08-18,4.7
2023-08-19,5.0
2023-08-20,5.1
2023-08-21,5.1
2023-08-22,5.4
2023-08-23,5.8
2023-08-24,5.9
2023-08-25,5.9
2023-08-26,6.0
2023-08-27,6.0
2023-08-28,6.0
2023-08-29,6.1
2023-08-30,6.1
2023-08-31,6.3
2023-09-01,6.4
2023-09-02,6.4
2023-09-03,6.4
2023-09-04,6.4
2023-09-05,6.6
2023-09-06,7.2
2023-09-07,7.6
2023-09-08,8.1
2023-09-09,8.5
2023-09-10,8.6
2023-09-11,8.6
2023-09-12,9.4
2023-09-13,9.6
2023-09-14,9.9
2023-09-15,9.8
2023-09-16,9.7
2023-09-17,9.8
2023-09-18,9.8
2023-09-19,9.8
2023-09-20,9.7
2023-09-21,9.7
2023-09-22,9.9
2023-09-23,9.9
2023-09-24,9.9
2023-09-25,9.8
2023-09-26,9.8
2023-09-27,9.9
2023-09-28,9.9
2023-09-29,10.1
2023-09-30,10.5
2023-10-01,10.6
2023-10-02,10.6
2023-10-03,10.9
2023-10-04,9.1
2023-10-05,10.3
2023-10-06,11.2
2023-10-07,11.8
2023-10-08,11.8
2023-10-09,11.9
2023-10-10,12.9
2023-10-11,15.8
2023-10-12,15.5
2023-10-13,15.4
2023-10-14,15.3
2023-10-15,15.4
2023-10-16,15.4
2023-10-17,15.9
2023-10-18,15.8
2023-10-19,15.9
2023-10-20,16.1
2023-10-21,16.1
2023-10-22,16.2
2023-10-23,16.3
2023-10-24,17.4
2023-10-25,18.5
2023-10-26,19.7
2023-10-27,20.8
2023-10-28,21.5
2023-10-29,21.6
2023-10-30,21.6
2023-10-31,22.1
2023-11-01,21.2
2023-11-02,20.3
2023-11-03,21.9
2023-11-04,22.5
2023-11-05,22.5
2023-11-06,22.6
2023-11-07,23.9
2023-11-08,24.7
2023-11-09,27.6
2023-11-10,26.9
2023-11-11,26.8
2023-11-12,26.8
2023-11-13,26.8
2023-11-14,26.7
2023-11-15,27.9
2023-11-16,26.9
2023-11-17,26.9
2023-11-18,27.3
2023-11-19,27.3
2023-11-20,27.4
2023-11-21,27.9
2023-11-22,29.0
2023-11-23,28.7
2023-11-24,28.9
2023-11-25,29.0
2023-11-26,29.1
2023-11-27,29.1
2023-11-28,29.3
2023-11-29,29.3
2023-11-30,30.0
2023-12-01,30.3
2023-12-02,30.2
2023-12-03,30.2
2023-12-04,30.1
2023-12-05,29.4
2023-12-06,29.8
2023-12-07,30.7
2023-12-08,32.0
2023-12-09,33.4
2023-12-10,33.6
2023-12-11,33.8
2023-12-12,36.7
2023-12-13,37.8
2023-12-14,38.8
2023-12-15,39.2
2023-12-16,39.1
2023-12-17,39.0
2023-12-18,39.0
2023-12-19,38.4
2023-12-20,37.8
2023-12-21,36.0
2023-12-22,34.3
2023-12-23,33.0
2023-12-24,32.9
2023-12-25,32.7
2023-12-26,23.8
2023-12-27,17.1
2023-12-28,19.4
2023-12-29,18.2
2023-12-30,17.2
2023-12-31,17.1
2024-01-01,17.2
2024-01-02,17.0
2024-01-03,23.6
2024-01-04,19.1
2024-01-05,18.1
2024-01-06,17.1
2024-01-07,16.9
2024-01-08,16.6
2024-01-09,20.4
2024-01-10,15.7
2024-01-11,14.2
2024-01-12,13.0
2024-01-13,12.1
2024-01-14,12.1
2024-01-15,12.0
2024-01-16,10.5
2024-01-17,10.0
2024-01-18,9.1
2024-01-19,8.5
2024-01-20,8.3
2024-01-21,8.3
2024-01-22,8.3
2024-01-23,7.7
2024-01-24,7.4
2024-01-25,7.2
2024-01-26,7.2
2024-01-27,7.1
2024-01-28,7.1
2024-01-29,7.1
2024-01-30,6.9
2024-01-31,6.6
2024-02-01,6.5
2024-02-02,6.3
2024-02-03,6.0
2024-02-04,6.0
2024-02-05,6.0
2024-02-06,5.7
2024-02-07,5.6
2024-02-08,5.4
2024-02-09,5.1
2024-02-10,5.1
2024-02-11,5.1
2024-02-12,5.1
2024-02-13,4.5
2024-02-14,4.2
2024-02-15,4.0
2024-02-16,3.8
2024-02-17,3.6
2024-02-18,3.6
2024-02-19,3.5
2024-02-20,3.5
2024-02-21,3.3
2024-02-22,3.1
2024-02-23,3.0
2024-02-24,2.8
2024-02-25,2.8
2024-02-26,2.8
2024-02-27,2.5
2024-02-28,2.4
2024-02-29,2.3
2024-03-01,2.2
2024-03-02,2.1
2024-03-03,2.1
2024-03-04,2.1
2024-03-05,2.0
2024-03-06,2.0
2024-03-07,1.9
2024-03-08,1.8
2024-03-09,1.7
2024-03-10,1.7
2024-03-11,1.7
2024-03-12,1.6
2024-03-13,1.5
2024-03-14,1.4
2024-03-15,1.4
2024-03-16,1.4
2024-03-17,1.4
2024-03-18,1.4
2024-03-19,1.4
2024-03-20,1.3
2024-03-21,1.3
2024-03-22,1.2
2024-03-23,1.2
2024-03-24,1.2
2024-03-25,1.2
2024-03-26,1.1
2024-03-27,1.1
2024-03-28,1.0
2024-03-29,1.1
2024-03-30,0.9
2024-03-31,0.9
2024-04-01,0.9
2024-04-02,0.6
2024-04-03,0.8
2024-04-04,0.8
2024-04-05,0.8
2024-04-06,0.9
2024-04-07,0.9
2024-04-08,0.9
2024-04-09,1.1
2024-04-10,0.9
2024-04-11,0.8
2024-04-12,0.8
2024-04-13,0.7
2024-04-14,0.7
2024-04-15,0.7
2024-04-16,0.7
2024-04-17,0.7
2024-04-18,0.7
2024-04-19,0.7
2024-04-20,0.7
2024-04-21,0.7
2024-04-22,0.7
2024-04-23,0.7
2024-04-24,0.7
2024-04-25,0.7
2024-04-26,0.7
2024-04-27,0.8
2024-04-28,0.8
2024-04-29,0.8
2024-04-30,1.0
2024-05-01,1.0
2024-05-02,0.9
2024-05-03,1.0
2024-05-04,1.1
2024-05-05,1.1
2024-05-06,1.1
2024-05-07,1.1
2024-05-08,1.1
2024-05-09,1.2
2024-05-10,1.0
2024-05-11,1.0
2024-05-12,1.0
2024-05-13,1.0
2024-05-14,1.1
2024-05-15,1.2
2024-05-16,1.2
2024-05-17,1.4
2024-05-18,1.3
2024-05-19,1.3
2024-05-20,1.3
2024-05-21,0.9
2024-05-22,0.9
2024-05-23,1.0
2024-05-24,1.0
2024-05-25,0.9
2024-05-26,0.9
2024-05-27,0.9
2024-05-28,1.2
2024-05-29,1.1
2024-05-30,1.1
2024-05-31,0.9
2024-06-01,1.0
2024-06-02,1.0
2024-06-03,1.0
2024-06-04,1.1
2024-06-05,1.1
2024-06-06,1.2
2024-06-07,1.4
2024-06-08,1.4
2024-06-09,1.4
2024-06-10,1.4
2024-06-11,1.5
2024-06-12,1.7
2024-06-13,1.8
2024-06-14,1.9
2024-06-15,2.0
2024-06-16,2.0
2024-06-17,2.0
2024-06-18,2.3
2024-06-19,2.5
2024-06-20,2.7
2024-06-21,2.9
2024-06-22,3.1
2024-06-23,3.1
2024-06-24,3.1
2024-06-25,3.5
2024-06-26,3.7
2024-06-27,3.9
2024-06-28,4.0
2024-06-29,4.1
2024-06-30,4.1
2024-07-01,4.1
2024-07-02,4.3
2024-07-03,4.1
2024-07-04,4.2
2024-07-05,4.3
2024-07-06,4.3
2024-07-07,4.3
2024-07-08,4.3
2024-07-09,4.5
2024-07-10,4.8
2024-07-11,5.0
2024-07-12,5.2
2024-07-13,5.3
2024-07-14,5.4
2024-07-15,5.3
2024-07-16,5.6
2024-07-17,5.6
2024-07-18,5.6
2024-07-19,5.7
2024-07-20,5.7
2024-07-21,5.7
2024-07-22,5.7
2024-07-23,5.7
2024-07-24,5.9
2024-07-25,6.0
2024-07-26,5.9
2024-07-27,5.8
2024-07-28,5.8
2024-07-29,5.8
2024-07-30,5.7
2024-07-31,5.6
2024-08-01,5.5
2024-08-02,5.4
2024-08-03,5.5
2024-08-04,5.5
2024-08-05,5.5
2024-08-06,5.5
2024-08-07,5.5
2024-08-08,5.6
2024-08-09,5.5
2024-08-10,5.5
2024-08-11,5.5
2024-08-12,5.5
2024-08-13,5.4
2024-08-14,5.4
2024-08-15,5.4
2024-08-16,5.4
2024-08-17,5.5
2024-08-18,5.5
2024-08-19,5.5
2024-08-20,5.5
2024-08-21,5.6
2024-08-22,5.7
2024-08-23,5.9
2024-08-24,5.9
2024-08-25,5.9
2024-08-26,5.9
2024-08-27,6.1
2024-08-28,6.1
2024-08-29,6.3
2024-08-30,6.6
2024-08-31,6.7
2024-09-01,6.8
2024-09-02,6.8
2024-09-03,7.1
2024-09-04,7.5
2024-09-05,7.6
2024-09-06,7.6
2024-09-07,7.7
2024-09-08,7.7
2024-09-09,7.7
2024-09-10,7.7
2024-09-11,7.5
2024-09-12,7.3
2024-09-13,7.0
2024-09-14,7.0
2024-09-15,6.9
2024-09-16,6.9
2024-09-17,7.0
2024-09-18,7.3
2024-09-19,7.9
2024-09-20,8.4
2024-09-21,8.8
2024-09-22,8.9
2024-09-23,9.0
2024-09-24,10.1
2024-09-25,10.7
2024-09-26,11.1
2024-09-27,11.5
2024-09-28,11.7
2024-09-29,11.7
2024-09-30,11.7
2024-10-01,11.5
2024-10-02,11.2
2024-10-03,11.0
2024-10-04,9.2
2024-10-05,9.6
2024-10-06,9.6
2024-10-07,9.7
2024-10-08,10.5
2024-10-09,11.1
2024-10-10,11.9
2024-10-11,14.4
2024-10-12,14.3
2024-10-13,14.3
2024-10-14,14.3
2024-10-15,14.5
2024-10-16,14.3
2024-10-17,14.0
2024-10-18,14.2
2024-10-19,14.3
2024-10-20,14.3
2024-10-21,14.4
2024-10-22,14.6
2024-10-23,15.1
2024-10-24,15.4
2024-10-25,15.1
2024-10-26,14.8
2024-10-27,14.7
2024-10-28,14.7
2024-10-29,14.0
2024-10-30,13.5
2024-10-31,13.0
2024-11-01,11.7
2024-11-02,10.8
2024-11-03,10.7
2024-11-04,10.7
2024-11-05,10.5
2024-11-06,9.9
2024-11-07,9.4
2024-11-08,10.1
2024-11-09,10.6
2024-11-10,10.6
2024-11-11,10.6
2024-11-12,9.7
2024-11-13,9.8
2024-11-14,9.9
2024-11-15,9.8
2024-11-16,9.8
2024-11-17,9.8
2024-11-18,9.8
2024-11-19,10.0
2024-11-20,9.8
2024-11-21,9.6
2024-11-22,9.6
2024-11-23,9.6
2024-11-24,9.5
2024-11-25,9.6
2024-11-26,9.5
2024-11-27,9.6
2024-11-28,9.9
2024-11-29,9.8
2024-11-30,9.6
2024-12-01,9.6
2024-12-02,9.5
2024-12-03,9.2
2024-12-04,8.8
2024-12-05,8.5
2024-12-06,8.5
2024-12-07,8.3
2024-12-08,8.3
2024-12-09,8.3
2024-12-10,8.3
2024-12-11,8.4
2024-12-12,8.2
2024-12-13,8.1
2024-12-14,8.0
2024-12-15,8.0
2024-12-16,8.0
2024-12-17,7.8
2024-12-18,7.6
2024-12-19,7.6
2024-12-20,7.4
2024-12-21,7.3
2024-12-22,7.3
2024-12-23,7.2
2024-12-24,6.8
2024-12-25,5.4
2024-12-26,4.1
2024-12-27,3.0
2024-12-28,3.4
2024-12-29,3.4
2024-12-30,3.4
2024-12-31,3.4
2025-01-01,3.4
2025-01-02,3.4
2025-01-03,5.0
2025-01-04,4.6
2025-01-05,4.5
2025-01-06,4.5
2025-01-07,3.9
2025-01-08,5.0
2025-01-09,5.7
2025-01-10,4.6
2025-01-11,4.3
2025-01-12,4.3
2025-01-13,4.2
2025-01-14,4.3
2025-01-15,3.7
2025-01-16,3.5
2025-01-17,3.4
2025-01-18,3.4
2025-01-19,3.4
2025-01-20,3.4
2025-01-21,3.3
2025-01-22,3.3
2025-01-23,3.4
2025-01-24,3.4
2025-01-25,3.5
2025-01-26,3.5
2025-01-27,3.5
2025-01-28,3.4
2025-01-29,3.4
2025-01-30,3.4
2025-01-31,3.5
2025-02-01,3.4
2025-02-02,3.4
2025-02-03,3.4
2025-02-04,3.3
2025-02-05,3.2
2025-02-06,3.0
2025-02-07,2.8
2025-02-08,2.7
2025-02-09,2.6
2025-02-10,2.6
2025-02-11,2.5
2025-02-12,2.5
2025-02-13,2.4
2025-02-14,2.4
2025-02-15,2.3
2025-02-16,2.3
2025-02-17,2.3
2025-02-18,2.2
2025-02-19,2.2
2025-02-20,2.2
2025-02-21,2.2
2025-02-22,2.1
2025-02-23,2.1
2025-02-24,2.1
2025-02-25,2.0
2025-02-26,2.0
2025-02-27,1.9
2025-02-28,1.8
2025-03-01,1.8
2025-03-02,1.7
2025-03-03,1.7
2025-03-04,1.5
2025-03-05,1.5
2025-03-06,1.4
2025-03-07,1.3
2025-03-08,1.3
2025-03-09,1.3
2025-03-10,1.3
2025-03-11,1.3
2025-03-12,1.3
2025-03-13,1.2
2025-03-14,1.2
2025-03-15,1.2
2025-03-16,1.2
2025-03-17,1.2
2025-03-18,1.1
2025-03-19,1.1
2025-03-20,1.0
2025-03-21,1.0
2025-03-22,1.0
2025-03-23,1.0
2025-03-24,1.0
2025-03-25,1.0
2025-03-26,1.0
2025-03-27,1.0
2025-03-28,1.0
2025-03-29,1.0
2025-03-30,1.0
2025-03-31,1.0
2025-04-01,0.9
2025-04-02,0.8
2025-04-03,0.8
2025-04-04,0.8
2025-04-05,0.8
2025-04-06,0.8
2025-04-07,0.8
2025-04-08,0.8
2025-04-09,0.8
2025-04-10,0.8
2025-04-11,0.8
2025-04-12,0.8
2025-04-13,0.8
2025-04-14,0.8
2025-04-15,0.8
2025-04-16,0.8
2025-04-17,0.8
2025-04-18,0.7
2025-04-19,0.6
2025-04-20,0.6
2025-04-21,0.6
2025-04-22,0.4
2025-04-23,0.5
2025-04-24,0.5
2025-04-25,0.5
2025-04-26,0.6
2025-04-27,0.6
2025-04-28,0.6
2025-04-29,0.8
2025-04-30,0.6
2025-05-01,0.6
2025-05-02,0.5
2025-05-03,0.5
2025-05-04,0.5
2025-05-05,0.5
2025-05-06,0.5
2025-05-07,0.5
2025-05-08,0.5
2025-05-09,0.6
2025-05-10,0.5
2025-05-11,0.5
2025-05-12,0.5
2025-05-13,0.5
2025-05-14,0.5
2025-05-15,0.5
2025-05-16,0.6
2025-05-17,0.6
2025-05-18,0.6
2025-05-19,0.6
2025-05-20,0.6
2025-05-21,0.6
2025-05-22,0.6
2025-05-23,0.7
2025-05-24,0.7
2025-05-25,0.7
2025-05-26,0.7
2025-05-27,0.7
2025-05-28,0.7
2025-05-29,0.8
2025-05-30,0.7
2025-05-31,0.8
2025-06-01,0.7
2025-06-02,0.8
2025-06-03,0.8
2025-06-04,0.8
2025-06-05,0.8
2025-06-06,1.0
2025-06-07,0.9
2025-06-08,0.9
2025-06-09,0.9
2025-06-10,0.6
2025-06-11,0.7
2025-06-12,0.7
2025-06-13,0.7
2025-06-14,0.7
2025-06-15,0.7
2025-06-16,0.7
2025-06-17,0.9
2025-06-18,1.0
2025-06-19,1.0
2025-06-20,0.9
2025-06-21,0.9
2025-06-22,0.9
2025-06-23,0.9
2025-06-24,0.9
2025-06-25,0.8
2025-06-26,0.8
2025-06-27,0.8
2025-06-28,0.8
2025-06-29,0.8
2025-06-30,0.8
2025-07-01,0.8
2025-07-02,0.7
2025-07-03,0.7
2025-07-04,0.7
2025-07-05,0.7
2025-07-06,0.7
2025-07-07,0.7
2025-07-08,0.7
2025-07-09,0.7
2025-07-10,0.7
2025-07-11,0.7
2025-07-12,0.7
2025-07-13,0.7
2025-07-14,0.7
2025-07-15,0.7
2025-07-16,0.8
2025-07-17,0.8
2025-07-18,0.8
2025-07-19,0.9
2025-07-20,0.9
2025-07-21,0.9
2025-07-22,0.9
2025-07-23,0.9
2025-07-24,1.0
2025-07-25,0.9
2025-07-26,0.9
2025-07-27,0.9
2025-07-28,0.9
2025-07-29,0.9
2025-07-30,1.0
2025-07-31,0.9
2025-08-01,0.9
2025-08-02,0.9
2025-08-03,0.9
2025-08-04,0.9
2025-08-05,1.0
2025-08-06,1.0
2025-08-07,1.0
2025-08-08,1.1
2025-08-09,1.2
2025-08-10,1.2
2025-08-11,1.2
2025-08-12,1.3
2025-08-13,1.3
2025-08-14,1.4
2025-08-15,1.5
2025-08-16,1.5
2025-08-17,1.5
2025-08-18,1.5
2025-08-19,1.6
2025-08-20,1.6
2025-08-21,1.6
2025-08-22,1.6
2025-08-23,1.7
2025-08-24,1.7
2025-08-25,1.7
2025-08-26,1.7
2025-08-27,1.8
2025-08-28,1.8
2025-08-29,1.9
2025-08-30,2.0
2025-08-31,2.0
2025-09-01,2.0
2025-09-02,2.2
2025-09-03,2.3
2025-09-04,2.5
2025-09-05,2.5
2025-09-06,2.6
2025-09-07,2.6
2025-09-08,2.6
2025-09-09,2.6
2025-09-10,2.7
2025-09-11,2.7
2025-09-12,2.9
2025-09-13,2.9
2025-09-14,2.9
2025-09-15,3.0
2025-09-16,3.2
2025-09-17,3.3
2025-09-18,3.4
2025-09-19,3.4
2025-09-20,3.6
2025-09-21,3.6
2025-09-22,3.6
2025-09-23,3.8
2025-09-24,3.9
2025-09-25,4.0
2025-09-26,4.2
2025-09-27,4.2
2025-09-28,4.2
2025-09-29,4.2
2025-09-30,4.4
2025-10-01,4.8
2025-10-02,5.0
2025-10-03,5.2
2025-10-04,4.6
2025-10-05,4.6
2025-10-06,4.7
2025-10-07,5.4
2025-10-08,5.8
2025-10-09,6.3
2025-10-10,6.9
2025-10-11,8.1
2025-10-12,8.1
2025-10-13,8.1
2025-10-14,8.5
2025-10-15,8.7
2025-10-16,8.6
2025-10-17,8.5
2025-10-18,8.4
2025-10-19,8.3
2025-10-20,8.3
2025-10-21,8.2
2025-10-22,7.8
2025-10-23,8.0
2025-10-24,7.9
2025-10-25,8.0
2025-10-26,8.0
2025-10-27,8.0
2025-10-28,7.9
2025-10-29,7.9
2025-10-30,7.7
2025-10-31,7.5
2025-11-01,7.0
2025-11-02,7.0
2025-11-03,7.0
2025-11-04,6.6
2025-11-05,6.7
2025-11-06,6.5
2025-11-07,6.4
2025-11-08,6.7
2025-11-09,6.7
2025-11-10,6.7
2025-11-11,6.6
2025-11-12,6.4
2025-11-13,6.4
2025-11-14,6.6
2025-11-15,6.6
2025-11-16,6.7
2025-11-17,6.7
2025-11-18,6.9
2025-11-19,7.0
2025-11-20,6.9
2025-11-21,7.1
2025-11-22,7.1
2025-11-23,7.1
2025-11-24,7.1
2025-11-25,7.3
2025-11-26,7.5
2025-11-27,8.0
2025-11-28,8.2
2025-11-29,8.6
2025-11-30,8.6
2025-12-01,8.6
2025-12-02,9.3
2025-12-03,9.9
2025-12-04,10.2
2025-12-05,10.7
2025-12-06,11.0
2025-12-07,11.0
2025-12-08,11.0
2025-12-09,11.5
2025-12-10,11.8
2025-12-11,12.2
2025-12-12,12.6
2025-12-13,12.8
2025-12-14,12.8
2025-12-15,12.8
2025-12-16,12.5
2025-12-17,12.2
2025-12-18,11.6
2025-12-19,10.9
2025-12-20,10.3
2025-12-21,10.3
2025-12-22,10.3
2025-12-23,9.7
2025-12-24,9.1
2025-12-25,7.3
2025-12-26,5.7
2025-12-27,4.5
2025-12-28,4.5
2025-12-29,4.5
2025-12-30,4.7
2025-12-31,4.4
2026-01-01,4.4
2026-01-02,4.3
2026-01-03,5.4
2026-01-04,5.4
2026-01-05,5.4
2026-01-06,4.9
2026-01-07,4.6
2026-01-08,5.7
2026-01-09,6.7
2026-01-10,6.2
2026-01-11,6.2
2026-01-12,6.1
2026-01-13,5.3
2026-01-14,5.3
2026-01-15,4.7
2026-01-16,4.4
2026-01-17,4.2
2026-01-18,4.2
2026-01-19,4.2
2026-01-20,4.0
2026-01-21,3.7
2026-01-22,3.6
2026-01-23,3.4
2026-01-24,3.4
2026-01-25,3.4
2026-01-26,3.4
2026-01-27,3.2
2026-01-28,3.1
2026-01-29,3.2
2026-01-30,3.2
2026-01-31,3.2
2026-02-01,3.2
2026-02-02,3.2
2026-02-03,3.2
2026-02-04,3.1
2026-02-05,3.0
2026-02-06,2.9
2026-02-07,2.8
2026-02-08,2.8
2026-02-09,2.7
2026-02-10,2.6
2026-02-11,2.4
2026-02-12,2.3
2026-02-13,2.2
2026-02-14,2.2
2026-02-15,2.2
2026-02-16,2.2
2026-02-17,2.0
2026-02-18,2.0
2026-02-19,1.9
2026-02-20,1.8
2026-02-21,1.7
2026-02-22,1.7
2026-02-23,1.7
2026-02-24,1.7
2026-02-25,1.5
2026-02-26,1.5
2026-02-27,1.4
2026-02-28,1.3
2026-03-01,1.3
2026-03-02,1.3
2026-03-03,1.2
2026-03-04,1.1
2026-03-05,1.0
2026-03-06,1.0
2026-03-07,0.9
2026-03-08,0.9
2026-03-09,0.9
2026-03-10,0.8
2026-03-11,0.7
2026-03-12,0.7
2026-03-13,0.7
2026-03-14,0.7
2026-03-15,0.7
2026-03-16,0.7
2026-03-17,0.7
2026-03-18,0.7
2026-03-19,0.7
2026-03-20,0.7
2026-03-21,0.6
2026-03-22,0.6
2026-03-23,0.6
2026-03-24,0.5
2026-03-25,0.4
2026-03-26,0.4
2026-03-27,0.4
2026-03-28,0.4
2026-03-29,0.4
2026-03-30,0.4
2026-03-31,0.4
2026-04-01,0.4
2026-04-02,0.4
2026-04-03,0.4
2026-04-04,0.3
2026-04-05,0.3
2026-04-06,0.3
2026-04-07,0.2
2026-04-08,0.3
2026-04-09,0.3
2026-04-10,0.3
2026-04-11,0.3
2026-04-12,0.3
2026-04-13,0.3
2026-04-14,0.4
2026-04-15,0.3
2026-04-16,0.3
2026-04-17,0.3
2026-04-18,0.3
2026-04-19,0.3
2026-04-20,0.3
2026-04-21,0.2
2026-04-22,0.2
2026-04-23,0.2
2026-04-24,0.2
2026-04-25,0.2
2026-04-26,0.2
2026-04-27,0.2
2026-04-28,0.2
2026-04-29,0.2
2026-04-30,0.2
2026-05-01,0.2
2026-05-02,0.2
2026-05-03,0.2
2026-05-04,0.2
2026-05-05,0.2
2026-05-06,0.2
2026-05-07,0.2
2026-05-08,0.1
2026-05-09,0.2
2026-05-10,0.2
2026-05-11,0.2
2026-05-12,0.1
2026-05-13,0.1
2026-05-14,0.1
2026-05-15,0.1
2026-05-16,0.1
2026-05-17,0.1
2026-05-18,0.1
2026-05-19,0.1
2026-05-20,0.1
2026-05-21,0.1
2026-05-22,0.1
2026-05-23,0.1
2026-05-24,0.1
2026-05-25,0.1
2026-05-26,0.1
2026-05-27,0.1
2026-05-28,0.1
2026-05-29,0.1
2026-05-30,0.1
2026-05-31,0.1
2026-06-01,0.1
2026-06-02,0.1
