state,name,start_date,end_date
BB,Winterferien,2022-01-31,2022-02-05
BB,Osterferien,2022-04-11,2022-04-24
BB,Variabler Ferientag,2022-05-27,2022-05-27
BB,Sommerferien,2022-07-07,2022-08-20
BB,Herbstferien,2022-10-24,2022-11-05
BB,Weihnachtsferien,2022-12-22,2023-01-03
BB,Winterferien,2023-01-30,2023-02-03
BB,Osterferien,2023-04-03,2023-04-14
BB,Variabler Ferientag,2023-05-19,2023-05-19
BB,Sommerferien,2023-07-13,2023-08-26
BB,Variabler Ferientag,2023-10-02,2023-10-02
BB,Herbstferien,2023-10-23,2023-11-04
BB,Weihnachtsferien,2023-12-23,2024-01-05
BB,Winterferien,2024-02-05,2024-02-09
BB,Osterferien,2024-03-25,2024-04-05
BB,Variabler Ferientag,2024-05-10,2024-05-10
BB,Sommerferien,2024-07-18,2024-08-31
BB,Variabler Ferientag,2024-10-04,2024-10-04
BB,Herbstferien,2024-10-21,2024-11-02
BB,Weihnachtsferien,2024-12-23,2024-12-31
BB,Winterferien,2025-02-03,2025-02-08
BB,Osterferien,2025-04-14,2025-04-25
BB,Variabler Ferientag,2025-05-02,2025-05-02
BB,Variabler Ferientag,2025-05-30,2025-05-30
BB,Pfingstferien,2025-06-10,2025-06-10
BB,Sommerferien,2025-07-24,2025-09-06
BB,Herbstferien,2025-10-20,2025-11-01
BB,Weihnachtsferien,2025-12-22,2026-01-02
BB,Winterferien,2026-02-02,2026-02-07
BB,Osterferien,2026-03-30,2026-04-10
BB,Variabler Ferientag,2026-05-15,2026-05-15
BB,Pfingstferien,2026-05-26,2026-05-26
BB,Sommerferien,2026-07-09,2026-08-22
BB,Herbstferien,2026-10-19,2026-10-30
BB,Weihnachtsferien,2026-12-23,2027-01-02
BB,Winterferien,2027-02-01,2027-02-06
BB,Osterferien,2027-03-22,2027-04-03
BB,Variabler Ferientag,2027-05-07,2027-05-07
BB,Pfingstferien,2027-05-18,2027-05-18
BB,Sommerferien,2027-07-01,2027-08-14
BB,Herbstferien,2027-10-11,2027-10-23
BB,Weihnachtsferien,2027-12-23,2027-12-31
BE,Winterferien,2022-01-30,2022-02-04
BE,Osterferien,2022-04-11,2022-04-23
BE,Unterrichtsfreier Tag,2022-05-27,2022-05-27
BE,Pfingstferien,2022-06-07,2022-06-07
BE,Sommerferien,2022-07-07,2022-08-18
BE,Herbstferien,2022-10-24,2022-11-05
BE,Weihnachtsferien,2022-12-22,2023-01-02
BE,Winterferien,2023-01-30,2023-02-04
BE,Osterferien,2023-04-03,2023-04-14
BE,Unterrichtsfreier Tag,2023-05-19,2023-05-19
BE,Pfingstferien,2023-05-30,2023-05-30
BE,Sommerferien,2023-07-13,2023-08-25
BE,Unterrichtsfreier Tag,2023-10-02,2023-10-02
BE,Herbstferien,2023-10-23,2023-11-04
BE,Weihnachtsferien,2023-12-23,2024-01-05
BE,Winterferien,2024-02-05,2024-02-10
BE,Osterferien,2024-03-25,2024-04-05
BE,Unterrichtsfreier Tag,2024-05-10,2024-05-10
BE,Sommerferien,2024-07-18,2024-08-30
BE,Unterrichtsfreier Tag,2024-10-04,2024-10-04
BE,Herbstferien,2024-10-21,2024-11-02
BE,Weihnachtsferien,2024-12-23,2024-12-31
BE,Winterferien,2025-02-03,2025-02-08
BE,Osterferien,2025-04-14,2025-04-25
BE,Unterrichtsfreier Tag,2025-05-02,2025-05-02
BE,Unterrichtsfreier Tag,2025-05-30,2025-05-30
BE,Pfingstferien,2025-06-10,2025-06-10
BE,Sommerferien,2025-07-24,2025-09-06
BE,Herbstferien,2025-10-20,2025-11-01
BE,Weihnachtsferien,2025-12-22,2026-01-02
BE,Winterferien,2026-02-02,2026-02-07
BE,Osterferien,2026-03-30,2026-04-10
BE,Unterrichtsfreier Tag,2026-05-15,2026-05-15
BE,Pfingstferien,2026-05-26,2026-05-26
BE,Sommerferien,2026-07-09,2026-08-22
BE,Herbstferien,2026-10-19,2026-10-31
BE,Weihnachtsferien,2026-12-23,2027-01-02
BE,Winterferien,2027-02-01,2027-02-06
BE,Osterferien,2027-03-22,2027-04-02
BE,Unterrichtsfreier Tag,2027-05-07,2027-05-07
BE,Pfingstferien,2027-05-18,2027-05-19
BE,Sommerferien,2027-07-01,2027-08-14
BE,Herbstferien,2027-10-11,2027-10-23
BE,Weihnachtsferien,2027-12-22,2027-12-31
BW,Osterferien,2022-04-19,2022-04-23
BW,Pfingstferien,2022-06-07,2022-06-18
BW,Sommerferien,2022-07-28,2022-09-10
BW,Reformationsfest,2022-10-31,2022-10-31
BW,Herbstferien,2022-11-02,2022-11-04
BW,Weihnachtsferien,2022-12-21,2023-01-07
BW,Gründonnerstag,2023-04-06,2023-04-06
BW,Osterferien,2023-04-11,2023-04-15
BW,Pfingstferien,2023-05-30,2023-06-09
BW,Sommerferien,2023-07-27,2023-09-09
BW,Herbstferien,2023-10-30,2023-11-03
BW,Weihnachtsferien,2023-12-23,2024-01-05
BW,Osterferien,2024-03-23,2024-04-05
BW,Pfingstferien,2024-05-21,2024-05-31
BW,Sommerferien,2024-07-25,2024-09-07
BW,Herbstferien,2024-10-28,2024-10-30
BW,Reformationsfest,2024-10-31,2024-10-31
BW,Weihnachtsferien,2024-12-23,2025-01-04
BW,Osterferien,2025-04-14,2025-04-26
BW,Pfingstferien,2025-06-10,2025-06-20
BW,Sommerferien,2025-07-31,2025-09-13
BW,Herbstferien,2025-10-27,2025-10-30
BW,Reformationsfest,2025-10-31,2025-10-31
BW,Weihnachtsferien,2025-12-22,2026-01-05
BW,Osterferien,2026-03-30,2026-04-11
BW,Pfingstferien,2026-05-26,2026-06-05
BW,Sommerferien,2026-07-30,2026-09-12
BW,Herbstferien,2026-10-26,2026-10-30
BW,Reformationsfest,2026-10-31,2026-10-31
BW,Weihnachtsferien,2026-12-23,2027-01-09
BW,Gründonnerstag,2027-03-25,2027-03-25
BW,Osterferien,2027-03-30,2027-04-03
BW,Pfingstferien,2027-05-18,2027-05-29
BW,Sommerferien,2027-07-29,2027-09-11
BW,Herbstferien,2027-11-02,2027-11-06
BW,Weihnachtsferien,2027-12-23,2028-01-08
BY,Frühjahrsferien,2022-02-28,2022-03-04
BY,Osterferien,2022-04-11,2022-04-23
BY,Pfingstferien,2022-06-07,2022-06-18
BY,Sommerferien,2022-08-01,2022-09-12
BY,Herbstferien,2022-10-31,2022-11-04
BY,Buß- und Bettag,2022-11-16,2022-11-16
BY,Weihnachtsferien,2022-12-24,2023-01-07
BY,Frühjahrsferien,2023-02-20,2023-02-24
BY,Osterferien,2023-04-03,2023-04-15
BY,Pfingstferien,2023-05-30,2023-06-09
BY,Sommerferien,2023-07-31,2023-09-11
BY,Herbstferien,2023-10-30,2023-11-04
BY,Buß- und Bettag,2023-11-22,2023-11-22
BY,Weihnachtsferien,2023-12-23,2024-01-05
BY,Frühjahrsferien,2024-02-12,2024-02-16
BY,Osterferien,2024-03-25,2024-04-06
BY,Pfingstferien,2024-05-21,2024-06-01
BY,Sommerferien,2024-07-29,2024-09-09
BY,Herbstferien,2024-10-28,2024-10-31
BY,Buß- und Bettag,2024-11-20,2024-11-20
BY,Weihnachtsferien,2024-12-23,2025-01-03
BY,Frühjahrsferien,2025-03-03,2025-03-07
BY,Osterferien,2025-04-14,2025-04-25
BY,Pfingstferien,2025-06-10,2025-06-20
BY,Sommerferien,2025-08-01,2025-09-15
BY,Herbstferien,2025-11-03,2025-11-07
BY,Buß- und Bettag,2025-11-19,2025-11-19
BY,Weihnachtsferien,2025-12-22,2026-01-05
BY,Frühjahrsferien,2026-02-16,2026-02-20
BY,Osterferien,2026-03-30,2026-04-10
BY,Pfingstferien,2026-05-26,2026-06-05
BY,Sommerferien,2026-08-03,2026-09-14
BY,Herbstferien,2026-11-02,2026-11-06
BY,Buß- und Bettag,2026-11-18,2026-11-18
BY,Weihnachtsferien,2026-12-24,2027-01-08
BY,Frühjahrsferien,2027-02-08,2027-02-12
BY,Osterferien,2027-03-22,2027-04-02
BY,Pfingstferien,2027-05-18,2027-05-28
BY,Sommerferien,2027-08-02,2027-09-13
BY,Herbstferien,2027-11-02,2027-11-05
BY,Buß- und Bettag,2027-11-17,2027-11-17
BY,Weihnachtsferien,2027-12-24,2028-01-07
HB,Halbjahresferien,2022-01-31,2022-02-01
HB,Osterferien,2022-04-04,2022-04-19
HB,Tag nach Himmelfahrt,2022-05-27,2022-05-27
HB,Pfingstferien,2022-06-07,2022-06-07
HB,Sommerferien,2022-07-14,2022-08-24
HB,Herbstferien,2022-10-17,2022-10-29
HB,Weihnachtsferien,2022-12-23,2023-01-06
HB,Halbjahresferien,2023-01-30,2023-01-31
HB,Osterferien,2023-03-27,2023-04-11
HB,Tag nach Himmelfahrt,2023-05-19,2023-05-19
HB,Pfingstferien,2023-05-30,2023-05-30
HB,Sommerferien,2023-07-06,2023-08-16
HB,Tag vor dem 3. Oktober,2023-10-02,2023-10-02
HB,Herbstferien,2023-10-16,2023-10-30
HB,Weihnachtsferien,2023-12-23,2024-01-05
HB,Halbjahresferien,2024-02-01,2024-02-02
HB,Osterferien,2024-03-18,2024-03-28
HB,Tag nach Himmelfahrt,2024-05-10,2024-05-10
HB,Pfingstferien,2024-05-21,2024-05-21
HB,Sommerferien,2024-06-24,2024-08-02
HB,Herbstferien,2024-10-04,2024-10-19
HB,Tag nach dem Reformationstag,2024-11-01,2024-11-01
HB,Weihnachtsferien,2024-12-23,2025-01-04
HB,Halbjahresferien,2025-02-03,2025-02-04
HB,Osterferien,2025-04-07,2025-04-19
HB,Kirchentag und Tag nach dem 1. Mai,2025-04-30,2025-05-02
HB,Tag nach Himmelfahrt,2025-05-30,2025-05-30
HB,Pfingstferien,2025-06-10,2025-06-10
HB,Sommerferien,2025-07-03,2025-08-13
HB,Herbstferien,2025-10-13,2025-10-25
HB,Weihnachtsferien,2025-12-22,2026-01-05
HB,Halbjahresferien,2026-02-02,2026-02-03
HB,Osterferien,2026-03-23,2026-04-07
HB,Tag nach Himmelfahrt,2026-05-15,2026-05-15
HB,Pfingstferien,2026-05-26,2026-05-26
HB,Sommerferien,2026-07-02,2026-08-12
HB,Herbstferien,2026-10-12,2026-10-24
HB,Weihnachtsferien,2026-12-23,2027-01-09
HB,Halbjahresferien,2027-02-01,2027-02-02
HB,Osterferien,2027-03-22,2027-04-03
HB,Tag nach Himmelfahrt,2027-05-07,2027-05-07
HB,Pfingstferien,2027-05-18,2027-05-18
HB,Sommerferien,2027-07-08,2027-08-18
HB,Herbstferien,2027-10-18,2027-10-30
HB,Weihnachtsferien,2027-12-23,2028-01-08
HE,Osterferien,2022-04-11,2022-04-23
HE,Sommerferien,2022-07-25,2022-09-02
HE,Herbstferien,2022-10-24,2022-10-29
HE,Weihnachtsferien,2022-12-22,2023-01-07
HE,Osterferien,2023-04-03,2023-04-22
HE,Sommerferien,2023-07-24,2023-09-01
HE,Herbstferien,2023-10-23,2023-10-28
HE,Weihnachtsferien,2023-12-27,2024-01-13
HE,Osterferien,2024-03-25,2024-04-13
HE,Sommerferien,2024-07-15,2024-08-23
HE,Herbstferien,2024-10-14,2024-10-25
HE,Weihnachtsferien,2024-12-23,2025-01-10
HE,Osterferien,2025-04-07,2025-04-21
HE,Sommerferien,2025-07-07,2025-08-15
HE,Herbstferien,2025-10-06,2025-10-18
HE,Weihnachtsferien,2025-12-22,2026-01-10
HE,Osterferien,2026-03-30,2026-04-10
HE,Sommerferien,2026-06-29,2026-08-07
HE,Herbstferien,2026-10-05,2026-10-17
HE,Weihnachtsferien,2026-12-23,2027-01-12
HE,Osterferien,2027-03-22,2027-04-02
HE,Sommerferien,2027-06-28,2027-08-06
HE,Herbstferien,2027-10-04,2027-10-16
HE,Weihnachtsferien,2027-12-23,2028-01-11
HH,Halbjahrespause,2022-01-28,2022-01-28
HH,Frühjahrsferien,2022-03-07,2022-03-18
HH,Pfingstferien,2022-05-23,2022-05-27
HH,Sommerferien,2022-07-07,2022-08-17
HH,Herbstferien,2022-10-10,2022-10-21
HH,Weihnachtsferien,2022-12-23,2023-01-06
HH,Halbjahrespause,2023-01-27,2023-01-27
HH,Frühjahrsferien,2023-03-06,2023-03-17
HH,Pfingstferien,2023-05-15,2023-05-19
HH,Sommerferien,2023-07-13,2023-08-23
HH,Brückentag,2023-10-02,2023-10-02
HH,Herbstferien,2023-10-16,2023-10-27
HH,Weihnachtsferien,2023-12-22,2024-01-05
HH,Halbjahrespause,2024-02-02,2024-02-02
HH,Frühjahrsferien,2024-03-18,2024-03-28
HH,Brückentag,2024-05-10,2024-05-10
HH,Pfingstferien,2024-05-21,2024-05-24
HH,Sommerferien,2024-07-18,2024-08-28
HH,Brückentag,2024-10-04,2024-10-04
HH,Herbstferien,2024-10-21,2024-11-01
HH,Weihnachtsferien,2024-12-20,2025-01-03
HH,Halbjahrespause,2025-01-31,2025-01-31
HH,Frühjahrsferien,2025-03-10,2025-03-21
HH,Brückentag,2025-05-02,2025-05-02
HH,Pfingstferien,2025-05-26,2025-05-30
HH,Sommerferien,2025-07-24,2025-09-03
HH,Herbstferien,2025-10-20,2025-10-31
HH,Weihnachtsferien,2025-12-17,2026-01-02
HH,Halbjahrespause,2026-01-30,2026-01-30
HH,Frühjahrsferien,2026-03-02,2026-03-13
HH,Pfingstferien,2026-05-11,2026-05-15
HH,Sommerferien,2026-07-09,2026-08-19
HH,Herbstferien,2026-10-19,2026-10-30
HH,Weihnachtsferien,2026-12-21,2027-01-01
HH,Halbjahrespause,2027-01-29,2027-01-29
HH,Frühjahrsferien,2027-03-01,2027-03-12
HH,Pfingstferien,2027-05-07,2027-05-14
HH,Sommerferien,2027-07-01,2027-08-11
HH,Herbstferien,2027-10-11,2027-10-22
HH,Weihnachtsferien,2027-12-20,2027-12-31
MV,Winterferien,2022-02-05,2022-02-17
MV,Schulfrei,2022-02-18,2022-02-18
MV,Osterferien,2022-04-11,2022-04-22
MV,Zusätzlicher Ferientag,2022-05-27,2022-05-27
MV,Pfingstferien,2022-06-03,2022-06-07
MV,Sommerferien,2022-07-04,2022-08-13
MV,Sommerferien,2022-07-11,2022-08-27
MV,Herbstferien,2022-10-10,2022-10-15
MV,Zusätzlicher Ferientag,2022-10-28,2022-10-28
MV,Zusätzlicher Ferientag,2022-11-01,2022-11-01
MV,Zusätzlicher Ferientag,2022-11-02,2022-11-02
MV,Weihnachtsferien,2022-12-22,2023-01-02
MV,Winterferien,2023-02-06,2023-02-18
MV,Osterferien,2023-04-03,2023-04-15
MV,Zusätzlicher Ferientag,2023-05-19,2023-05-19
MV,Pfingstferien,2023-05-26,2023-05-30
MV,Zusätzlicher Ferientag,2023-05-26,2023-05-26
MV,Sommerferien,2023-07-17,2023-09-01
MV,Zusätzlicher Ferientag,2023-10-02,2023-10-02
MV,Herbstferien,2023-10-09,2023-10-14
MV,Zusätzlicher Ferientag,2023-10-30,2023-10-30
MV,Zusätzlicher Ferientag,2023-11-01,2023-11-01
MV,Weihnachtsferien,2023-12-21,2024-01-03
MV,Winterferien,2024-02-05,2024-02-16
MV,Osterferien,2024-03-25,2024-04-05
MV,Zusätzlicher Ferientag,2024-05-10,2024-05-10
MV,Pfingstferien,2024-05-17,2024-05-21
MV,Sommerferien,2024-07-15,2024-08-31
MV,Sommerferien,2024-07-22,2024-08-31
MV,Zusätzlicher Ferientag,2024-10-04,2024-10-04
MV,Herbstferien,2024-10-21,2024-10-26
MV,Zusätzlicher Ferientag,2024-11-01,2024-11-01
MV,Weihnachtsferien,2024-12-23,2025-01-06
MV,Winterferien,2025-02-03,2025-02-14
MV,Osterferien,2025-04-14,2025-04-25
MV,Zusätzlicher Ferientag,2025-05-02,2025-05-02
MV,Zusätzlicher Ferientag,2025-05-30,2025-05-30
MV,Pfingstferien,2025-06-06,2025-06-10
MV,Sommerferien,2025-07-14,2025-08-30
MV,Sommerferien,2025-07-28,2025-09-06
MV,Zusätzlicher Ferientag,2025-10-01,2025-10-01
MV,Zusätzlicher Ferientag,2025-10-02,2025-10-02
MV,Herbstferien,2025-10-20,2025-10-25
MV,Zusätzlicher Ferientag,2025-11-03,2025-11-03
MV,Weihnachtsferien,2025-12-20,2026-01-03
MV,Weihnachtsferien,2025-12-22,2026-01-03
MV,Winterferien,2026-02-09,2026-02-20
MV,Osterferien,2026-03-30,2026-04-10
MV,Zusätzlicher Ferientag,2026-05-15,2026-05-15
MV,Pfingstferien,2026-05-22,2026-05-26
MV,Sommerferien,2026-07-13,2026-08-29
MV,Herbstferien,2026-10-15,2026-10-24
MV,Herbstferien,2026-10-19,2026-10-24
MV,Zusätzlicher Ferientag,2026-11-26,2026-11-26
MV,Zusätzlicher Ferientag,2026-11-27,2026-11-27
MV,Weihnachtsferien,2026-12-19,2027-01-02
MV,Weihnachtsferien,2026-12-21,2027-01-02
MV,Winterferien,2027-02-08,2027-02-19
MV,Osterferien,2027-03-22,2027-04-02
MV,Osterferien,2027-03-24,2027-04-02
MV,Zusätzlicher Ferientag,2027-05-07,2027-05-07
MV,Pfingstferien,2027-05-14,2027-05-18
MV,Sommerferien,2027-07-05,2027-08-14
MV,Sommerferien,2027-07-12,2027-08-28
MV,Herbstferien,2027-10-14,2027-10-23
MV,Herbstferien,2027-10-16,2027-10-23
MV,Zusätzlicher Ferientag,2027-11-25,2027-11-25
MV,Zusätzlicher Ferientag,2027-11-26,2027-11-26
MV,Weihnachtsferien,2027-12-22,2028-01-04
NI,Halbjahresferien,2022-01-31,2022-02-01
NI,Osterferien,2022-04-04,2022-04-19
NI,Tag nach Himmelfahrt,2022-05-27,2022-05-27
NI,Pfingstferien,2022-06-07,2022-06-07
NI,Sommerferien,2022-07-14,2022-08-24
NI,Herbstferien,2022-10-17,2022-10-28
NI,Weihnachtsferien,2022-12-23,2023-01-06
NI,Halbjahresferien,2023-01-30,2023-01-31
NI,Osterferien,2023-03-27,2023-04-11
NI,Tag nach Himmelfahrt,2023-05-19,2023-05-19
NI,Pfingstferien,2023-05-30,2023-05-30
NI,Sommerferien,2023-07-06,2023-08-16
NI,Tag vor dem 3. Oktober,2023-10-02,2023-10-02
NI,Herbstferien,2023-10-16,2023-10-30
NI,Weihnachtsferien,2023-12-27,2024-01-05
NI,Halbjahresferien,2024-02-01,2024-02-02
NI,Osterferien,2024-03-18,2024-03-28
NI,Tag nach Himmelfahrt,2024-05-10,2024-05-10
NI,Pfingstferien,2024-05-21,2024-05-21
NI,Sommerferien,2024-06-24,2024-08-03
NI,Herbstferien,2024-10-04,2024-10-19
NI,Tag nach dem Reformationstag,2024-11-01,2024-11-01
NI,Weihnachtsferien,2024-12-23,2025-01-04
NI,Halbjahresferien,2025-02-03,2025-02-04
NI,Osterferien,2025-04-07,2025-04-19
NI,Kirchentag,2025-04-30,2025-04-30
NI,Tag nach dem 1. Mai,2025-05-02,2025-05-02
NI,Tag nach Himmelfahrt,2025-05-30,2025-05-30
NI,Pfingstferien,2025-06-10,2025-06-10
NI,Sommerferien,2025-07-03,2025-08-13
NI,Herbstferien,2025-10-13,2025-10-25
NI,Weihnachtsferien,2025-12-22,2026-01-05
NI,Halbjahresferien,2026-02-02,2026-02-03
NI,Osterferien,2026-03-23,2026-04-07
NI,Tag nach Himmelfahrt,2026-05-15,2026-05-15
NI,Pfingstferien,2026-05-26,2026-05-26
NI,Sommerferien,2026-07-02,2026-08-12
NI,Herbstferien,2026-10-12,2026-10-24
NI,Weihnachtsferien,2026-12-23,2027-01-09
NI,Halbjahresferien,2027-02-01,2027-02-02
NI,Osterferien,2027-03-22,2027-04-03
NI,Tag nach Himmelfahrt,2027-05-07,2027-05-07
NI,Pfingstferien,2027-05-18,2027-05-18
NI,Sommerferien,2027-07-08,2027-08-18
NI,Herbstferien,2027-10-16,2027-10-30
NI,Weihnachtsferien,2027-12-23,2028-01-08
NW,Osterferien,2022-04-11,2022-04-23
NW,Sommerferien,2022-06-27,2022-08-09
NW,Herbstferien,2022-10-04,2022-10-15
NW,Weihnachtsferien,2022-12-23,2023-01-06
NW,Osterferien,2023-04-03,2023-04-15
NW,Pfingstferien,2023-05-30,2023-05-30
NW,Sommerferien,2023-06-22,2023-08-04
NW,Herbstferien,2023-10-02,2023-10-14
NW,Weihnachtsferien,2023-12-21,2024-01-05
NW,Osterferien,2024-03-25,2024-04-06
NW,Pfingstferien,2024-05-21,2024-05-21
NW,Sommerferien,2024-07-08,2024-08-20
NW,Herbstferien,2024-10-14,2024-10-26
NW,Weihnachtsferien,2024-12-23,2025-01-06
NW,Osterferien,2025-04-14,2025-04-26
NW,Pfingstferien,2025-06-10,2025-06-10
NW,Sommerferien,2025-07-14,2025-08-26
NW,Herbstferien,2025-10-13,2025-10-25
NW,Weihnachtsferien,2025-12-22,2026-01-06
NW,Osterferien,2026-03-30,2026-04-11
NW,Pfingstferien,2026-05-26,2026-05-26
NW,Sommerferien,2026-07-20,2026-09-01
NW,Herbstferien,2026-10-17,2026-10-31
NW,Weihnachtsferien,2026-12-23,2027-01-06
NW,Osterferien,2027-03-22,2027-04-03
NW,Pfingstferien,2027-05-18,2027-05-18
NW,Sommerferien,2027-07-19,2027-08-31
NW,Herbstferien,2027-10-23,2027-11-06
NW,Weihnachtsferien,2027-12-24,2028-01-08
RP,Winterferien,2022-02-21,2022-02-25
RP,Osterferien,2022-04-13,2022-04-22
RP,Sommerferien,2022-07-25,2022-09-02
RP,Herbstferien,2022-10-17,2022-10-31
RP,Weihnachtsferien,2022-12-23,2023-01-02
RP,Osterferien,2023-04-03,2023-04-06
RP,Pfingstferien,2023-05-30,2023-06-07
RP,Sommerferien,2023-07-24,2023-09-01
RP,Herbstferien,2023-10-16,2023-10-27
RP,Weihnachtsferien,2023-12-27,2024-01-05
RP,Osterferien,2024-03-25,2024-04-02
RP,Pfingstferien,2024-05-21,2024-05-29
RP,Sommerferien,2024-07-15,2024-08-23
RP,Herbstferien,2024-10-14,2024-10-25
RP,Weihnachtsferien,2024-12-23,2025-01-08
RP,Osterferien,2025-04-14,2025-04-25
RP,Sommerferien,2025-07-07,2025-08-15
RP,Herbstferien,2025-10-13,2025-10-24
RP,Weihnachtsferien,2025-12-22,2026-01-07
RP,Osterferien,2026-03-30,2026-04-10
RP,Sommerferien,2026-06-29,2026-08-07
RP,Herbstferien,2026-10-05,2026-10-16
RP,Weihnachtsferien,2026-12-23,2027-01-08
RP,Osterferien,2027-03-22,2027-04-02
RP,Sommerferien,2027-06-28,2027-08-06
RP,Herbstferien,2027-10-04,2027-10-15
RP,Weihnachtsferien,2027-12-23,2028-01-07
SH,Osterferien,2022-04-04,2022-04-16
SH,Himmelfahrt,2022-05-27,2022-05-28
SH,Sommerferien,2022-07-04,2022-08-13
SH,Herbstferien,2022-10-03,2022-10-21
SH,Herbstferien,2022-10-10,2022-10-21
SH,Weihnachtsferien,2022-12-23,2023-01-07
SH,Osterferien,2023-04-06,2023-04-22
SH,Himmelfahrt,2023-05-19,2023-05-20
SH,Sommerferien,2023-07-17,2023-08-26
SH,Herbstferien,2023-10-09,2023-10-27
SH,Herbstferien,2023-10-16,2023-10-27
SH,Weihnachtsferien,2023-12-27,2024-01-06
SH,Osterferien,2024-04-02,2024-04-19
SH,Himmelfahrt,2024-05-10,2024-05-11
SH,Sommerferien,2024-07-22,2024-08-31
SH,Herbstferien,2024-10-14,2024-11-01
SH,Herbstferien,2024-10-21,2024-11-01
SH,Weihnachtsferien,2024-12-19,2025-01-07
SH,Osterferien,2025-04-11,2025-04-25
SH,Himmelfahrt,2025-05-30,2025-05-30
SH,Sommerferien,2025-07-28,2025-09-06
SH,Herbstferien,2025-10-13,2025-10-30
SH,Herbstferien,2025-10-20,2025-10-30
SH,Weihnachtsferien,2025-12-19,2026-01-06
SH,Osterferien,2026-03-26,2026-04-10
SH,Himmelfahrt,2026-05-15,2026-05-15
SH,Sommerferien,2026-07-04,2026-08-15
SH,Herbstferien,2026-10-05,2026-10-24
SH,Herbstferien,2026-10-12,2026-10-24
SH,Weihnachtsferien,2026-12-21,2027-01-06
SH,Osterferien,2027-03-30,2027-04-10
SH,Himmelfahrt,2027-05-07,2027-05-07
SH,Sommerferien,2027-07-03,2027-08-14
SH,Herbstferien,2027-10-04,2027-10-23
SH,Herbstferien,2027-10-11,2027-10-23
SH,Weihnachtsferien,2027-12-23,2028-01-08
SL,Fastnachtsferien,2022-02-21,2022-03-01
SL,Osterferien,2022-04-14,2022-04-22
SL,Pfingstferien,2022-06-07,2022-06-10
SL,Sommerferien,2022-07-25,2022-09-02
SL,Herbstferien,2022-10-24,2022-11-04
SL,Weihnachtsferien,2022-12-22,2023-01-04
SL,Fastnachtsferien,2023-02-20,2023-02-24
SL,Osterferien,2023-04-03,2023-04-12
SL,Pfingstferien,2023-05-30,2023-06-02
SL,Sommerferien,2023-07-24,2023-09-01
SL,Herbstferien,2023-10-23,2023-11-03
SL,Weihnachtsferien,2023-12-21,2024-01-02
SL,Fastnachtsferien,2024-02-12,2024-02-16
SL,Osterferien,2024-03-25,2024-04-05
SL,Pfingstferien,2024-05-21,2024-05-24
SL,Sommerferien,2024-07-15,2024-08-23
SL,Herbstferien,2024-10-14,2024-10-25
SL,Weihnachtsferien,2024-12-23,2025-01-03
SL,Fastnachtsferien,2025-02-24,2025-03-04
SL,Osterferien,2025-04-14,2025-04-25
SL,Sommerferien,2025-07-07,2025-08-14
SL,Herbstferien,2025-10-13,2025-10-24
SL,Weihnachtsferien,2025-12-22,2026-01-02
SL,Fastnachtsferien,2026-02-16,2026-02-20
SL,Osterferien,2026-04-07,2026-04-17
SL,Sommerferien,2026-06-29,2026-08-07
SL,Herbstferien,2026-10-05,2026-10-16
SL,Weihnachtsferien,2026-12-21,2026-12-31
SL,Fastnachtsferien,2027-02-08,2027-02-12
SL,Osterferien,2027-03-30,2027-04-09
SL,Sommerferien,2027-06-28,2027-08-06
SL,Herbstferien,2027-10-04,2027-10-15
SL,Weihnachtsferien,2027-12-20,2027-12-31
SN,Winterferien,2022-02-12,2022-02-26
SN,Osterferien,2022-04-15,2022-04-23
SN,Unterrichtsfreier Tag,2022-05-27,2022-05-27
SN,Sommerferien,2022-07-18,2022-08-26
SN,Herbstferien,2022-10-17,2022-10-29
SN,Weihnachtsferien,2022-12-22,2023-01-02
SN,Winterferien,2023-02-13,2023-02-24
SN,Osterferien,2023-04-07,2023-04-15
SN,Unterrichtsfreier Tag,2023-05-19,2023-05-19
SN,Sommerferien,2023-07-10,2023-08-18
SN,Herbstferien,2023-10-02,2023-10-14
SN,Unterrichtsfreier Tag,2023-10-30,2023-10-30
SN,Weihnachtsferien,2023-12-23,2024-01-02
SN,Winterferien,2024-02-12,2024-02-23
SN,Osterferien,2024-03-28,2024-04-05
SN,Unterrichtsfreier Tag,2024-05-10,2024-05-10
SN,Pfingstferien,2024-05-18,2024-05-21
SN,Sommerferien,2024-06-20,2024-08-02
SN,Herbstferien,2024-10-07,2024-10-19
SN,Weihnachtsferien,2024-12-23,2025-01-03
SN,Winterferien,2025-02-17,2025-03-01
SN,Osterferien,2025-04-18,2025-04-25
SN,Unterrichtsfreier Tag,2025-05-30,2025-05-30
SN,Sommerferien,2025-06-28,2025-08-08
SN,Herbstferien,2025-10-06,2025-10-18
SN,Weihnachtsferien,2025-12-22,2026-01-02
SN,Winterferien,2026-02-09,2026-02-21
SN,Osterferien,2026-04-03,2026-04-10
SN,Unterrichtsfreier Tag,2026-05-15,2026-05-15
SN,Sommerferien,2026-07-04,2026-08-14
SN,Herbstferien,2026-10-12,2026-10-24
SN,Weihnachtsferien,2026-12-23,2027-01-02
SN,Winterferien,2027-02-08,2027-02-19
SN,Osterferien,2027-03-26,2027-04-02
SN,Unterrichtsfreier Tag,2027-05-07,2027-05-07
SN,Pfingstferien,2027-05-15,2027-05-18
SN,Sommerferien,2027-07-10,2027-08-20
SN,Herbstferien,2027-10-11,2027-10-23
SN,Weihnachtsferien,2027-12-23,2028-01-01
ST,Winterferien,2022-02-12,2022-02-19
ST,Osterferien,2022-04-11,2022-04-16
ST,Pfingstferien,2022-05-23,2022-05-28
ST,Sommerferien,2022-07-14,2022-08-24
ST,Herbstferien,2022-10-24,2022-11-04
ST,Weihnachtsferien,2022-12-21,2023-01-05
ST,Winterferien,2023-02-06,2023-02-11
ST,Osterferien,2023-04-03,2023-04-08
ST,Pfingstferien,2023-05-15,2023-05-19
ST,Sommerferien,2023-07-06,2023-08-16
ST,Ferientag,2023-10-02,2023-10-02
ST,Herbstferien,2023-10-16,2023-10-30
ST,Weihnachtsferien,2023-12-21,2024-01-03
ST,Winterferien,2024-02-05,2024-02-10
ST,Osterferien,2024-03-25,2024-03-30
ST,Pfingstferien,2024-05-21,2024-05-24
ST,Sommerferien,2024-06-24,2024-08-03
ST,Herbstferien,2024-09-30,2024-10-12
ST,Ferientag,2024-11-01,2024-11-01
ST,Weihnachtsferien,2024-12-23,2025-01-04
ST,Winterferien,2025-01-27,2025-01-31
ST,Osterferien,2025-04-07,2025-04-19
ST,Ferientag,2025-05-30,2025-05-30
ST,Sommerferien,2025-06-28,2025-08-08
ST,Herbstferien,2025-10-13,2025-10-25
ST,Weihnachtsferien,2025-12-22,2026-01-05
ST,Winterferien,2026-01-31,2026-02-06
ST,Osterferien,2026-03-30,2026-04-04
ST,Pfingstferien,2026-05-26,2026-05-29
ST,Sommerferien,2026-07-04,2026-08-14
ST,Herbstferien,2026-10-19,2026-10-30
ST,Weihnachtsferien,2026-12-21,2027-01-02
ST,Winterferien,2027-02-01,2027-02-06
ST,Osterferien,2027-03-22,2027-03-27
ST,Pfingstferien,2027-05-15,2027-05-22
ST,Sommerferien,2027-07-10,2027-08-20
ST,Herbstferien,2027-10-18,2027-10-23
ST,Weihnachtsferien,2027-12-20,2027-12-31
TH,Winterferien,2022-02-12,2022-02-19
TH,Osterferien,2022-04-11,2022-04-23
TH,Schulfreier Tag,2022-05-27,2022-05-27
TH,Sommerferien,2022-07-18,2022-08-27
TH,Herbstferien,2022-10-17,2022-10-29
TH,Weihnachtsferien,2022-12-22,2023-01-03
TH,Winterferien,2023-02-13,2023-02-17
TH,Osterferien,2023-04-03,2023-04-15
TH,Schulfreier Tag,2023-05-19,2023-05-19
TH,Sommerferien,2023-07-10,2023-08-19
TH,Herbstferien,2023-10-02,2023-10-14
TH,Weihnachtsferien,2023-12-22,2024-01-05
TH,Winterferien,2024-02-12,2024-02-16
TH,Osterferien,2024-03-25,2024-04-06
TH,Schulfreier Tag,2024-05-10,2024-05-10
TH,Sommerferien,2024-06-20,2024-07-31
TH,Herbstferien,2024-09-30,2024-10-12
TH,Weihnachtsferien,2024-12-23,2025-01-03
TH,Winterferien,2025-02-03,2025-02-08
TH,Osterferien,2025-04-07,2025-04-19
TH,Schulfreier Tag,2025-05-30,2025-05-30
TH,Sommerferien,2025-06-28,2025-08-08
TH,Herbstferien,2025-10-06,2025-10-18
TH,Weihnachtsferien,2025-12-22,2026-01-03
TH,Winterferien,2026-02-16,2026-02-21
TH,Osterferien,2026-04-07,2026-04-17
TH,Schulfreier Tag,2026-05-15,2026-05-15
TH,Sommerferien,2026-07-04,2026-08-14
TH,Herbstferien,2026-10-12,2026-10-24
TH,Weihnachtsferien,2026-12-23,2027-01-02
TH,Winterferien,2027-02-01,2027-02-06
TH,Osterferien,2027-03-22,2027-04-03
TH,Schulfreier Tag,2027-05-07,2027-05-07
TH,Sommerferien,2027-07-10,2027-08-20
TH,Herbstferien,2027-10-09,2027-10-23
TH,Weihnachtsferien,2027-12-23,2027-12-31
